maison,prix,ville
Maison 5 pièces 218 m2,525 000 €,Tavira
Maison 4 pièces 95 m2,276 082 €,Pacy-sur-Eure
Maison 6 pièces 108 m2,459 900 €,Décines-Charpieu
Maison 3 pièces 80 m2,118 000 €,Saint-Jean-de-Muzols
Maison 10 pièces 320 m2,735 000 €,Ailly-sur-Noye
Maison 5 pièces 115 m2,329 000 €,Vigy
Maison 7 pièces 150 m2,314 000 €,Serémange-Erzange
Maison 7 pièces 135 m2,162 000 €,Freistroff
Maison 6 pièces 127 m2,389 700 €,Saint-Jean-de-Monts
Maison 4 pièces 95 m2,168 000 €,Vendôme
Maison 7 pièces 135 m2,439 800 €,Le Grand-Village-Plage
Maison 5 pièces 95 m2,280 000 €,Laversines
